Date,Team,Opponent,Goals,GoalsConceded,Shots,ShotsOnTarget,Fouls,Corners,Yellows,Reds,MatchResult,IsHome,TeamResult,Points,TotalCards,GoalDiff
2021-08-13,Brentford,Arsenal,2,0,8,3,12,2,0,0,H,True,Win,3,0,2
2021-08-14,Man United,Leeds,5,1,16,8,11,5,1,0,H,True,Win,3,1,4
2021-08-14,Burnley,Brighton,1,2,14,3,10,7,2,0,A,True,Loss,0,2,-1
2021-08-14,Chelsea,Crystal Palace,3,0,13,6,15,5,0,0,H,True,Win,3,0,3
2021-08-14,Everton,Southampton,3,1,14,6,13,6,2,0,H,True,Win,3,2,2
2021-08-14,Leicester,Wolves,1,0,9,5,6,5,1,0,H,True,Win,3,1,1
2021-08-14,Watford,Aston Villa,3,2,13,7,18,2,3,0,H,True,Win,3,3,1
2021-08-14,Norwich,Liverpool,0,3,14,3,4,3,1,0,A,True,Loss,0,1,-3
2021-08-15,Newcastle,West Ham,2,4,17,3,4,7,1,0,A,True,Loss,0,1,-2
2021-08-15,Tottenham,Man City,1,0,13,3,11,3,2,0,H,True,Win,3,2,1
2021-08-21,Liverpool,Burnley,2,0,27,9,6,8,0,0,H,True,Win,3,0,2
2021-08-21,Aston Villa,Newcastle,2,0,10,2,8,3,3,0,H,True,Win,3,3,2
2021-08-21,Crystal Palace,Brentford,0,0,7,2,12,3,3,0,D,True,Draw,1,3,0
2021-08-21,Leeds,Everton,2,2,17,4,6,8,2,0,D,True,Draw,1,2,0
2021-08-21,Man City,Norwich,5,0,16,4,13,6,1,0,H,True,Win,3,1,5
2021-08-21,Brighton,Watford,2,0,13,3,11,7,4,0,H,True,Win,3,4,2
2021-08-22,Southampton,Man United,1,1,8,3,12,7,2,0,D,True,Draw,1,2,0
2021-08-22,Wolves,Tottenham,0,1,25,6,9,5,1,0,A,True,Loss,0,1,-1
2021-08-22,Arsenal,Chelsea,0,2,6,3,10,9,3,0,A,True,Loss,0,3,-2
2021-08-23,West Ham,Leicester,4,1,13,7,8,10,0,0,H,True,Win,3,0,3
2021-08-28,Man City,Arsenal,5,0,25,10,5,14,1,0,H,True,Win,3,1,5
2021-08-28,Aston Villa,Brentford,1,1,7,5,15,3,3,0,D,True,Draw,1,3,0
2021-08-28,Brighton,Everton,0,2,14,3,7,4,1,0,A,True,Loss,0,1,-2
2021-08-28,Newcastle,Southampton,2,2,10,5,11,4,3,0,D,True,Draw,1,3,0
2021-08-28,Norwich,Leicester,1,2,14,4,8,9,2,0,A,True,Loss,0,2,-1
2021-08-28,West Ham,Crystal Palace,2,2,14,4,10,5,1,0,D,True,Draw,1,1,0
2021-08-28,Liverpool,Chelsea,1,1,24,7,13,12,0,0,D,True,Draw,1,0,0
2021-08-29,Burnley,Leeds,1,1,12,3,13,5,4,0,D,True,Draw,1,4,0
2021-08-29,Tottenham,Watford,1,0,15,8,8,10,3,0,H,True,Win,3,3,1
2021-08-29,Wolves,Man United,0,1,15,6,7,5,3,0,A,True,Loss,0,3,-1
2021-09-11,Crystal Palace,Tottenham,3,0,18,4,13,8,2,0,H,True,Win,3,2,3
2021-09-11,Arsenal,Norwich,1,0,30,7,9,8,1,0,H,True,Win,3,1,1
2021-09-11,Brentford,Brighton,0,1,7,1,9,1,3,0,A,True,Loss,0,3,-1
2021-09-11,Leicester,Man City,0,1,6,1,4,5,1,0,A,True,Loss,0,1,-1
2021-09-11,Man United,Newcastle,4,1,21,7,9,7,1,0,H,True,Win,3,1,3
2021-09-11,Southampton,West Ham,0,0,11,3,10,5,3,0,D,True,Draw,1,3,0
2021-09-11,Watford,Wolves,0,2,6,2,15,6,3,0,A,True,Loss,0,3,-2
2021-09-11,Chelsea,Aston Villa,3,0,12,4,11,4,1,0,H,True,Win,3,1,3
2021-09-12,Leeds,Liverpool,0,3,9,4,9,2,2,1,A,True,Loss,0,3,-3
2021-09-13,Everton,Burnley,3,1,14,6,3,4,1,0,H,True,Win,3,1,2
2021-09-17,Newcastle,Leeds,1,1,17,7,9,4,2,0,D,True,Draw,1,2,0
2021-09-18,Wolves,Brentford,0,2,11,0,10,4,4,0,A,True,Loss,0,4,-2
2021-09-18,Burnley,Arsenal,0,1,18,3,9,8,2,0,A,True,Loss,0,2,-1
2021-09-18,Liverpool,Crystal Palace,3,0,25,10,17,10,3,0,H,True,Win,3,3,3
2021-09-18,Man City,Southampton,0,0,18,1,5,8,0,0,D,True,Draw,1,0,0
2021-09-18,Norwich,Watford,1,3,12,5,10,4,1,0,A,True,Loss,0,1,-2
2021-09-18,Aston Villa,Everton,3,0,15,3,7,5,1,0,H,True,Win,3,1,3
2021-09-19,Brighton,Leicester,2,1,12,5,8,4,2,0,H,True,Win,3,2,1
2021-09-19,West Ham,Man United,1,2,13,4,5,2,0,0,A,True,Loss,0,0,-1
2021-09-19,Tottenham,Chelsea,0,3,8,2,4,5,0,0,A,True,Loss,0,0,-3
2021-09-25,Chelsea,Man City,0,1,5,0,12,4,3,0,A,True,Loss,0,3,-1
2021-09-25,Man United,Aston Villa,0,1,28,4,9,5,2,0,A,True,Loss,0,2,-1
2021-09-25,Everton,Norwich,2,0,11,4,12,6,2,0,H,True,Win,3,2,2
2021-09-25,Leeds,West Ham,1,2,15,5,10,5,3,0,A,True,Loss,0,3,-1
2021-09-25,Leicester,Burnley,2,2,22,5,10,8,2,0,D,True,Draw,1,2,0
2021-09-25,Watford,Newcastle,1,1,15,4,19,5,4,0,D,True,Draw,1,4,0
2021-09-25,Brentford,Liverpool,3,3,12,4,8,2,1,0,D,True,Draw,1,1,0
2021-09-26,Southampton,Wolves,0,1,18,6,12,5,0,0,A,True,Loss,0,0,-1
2021-09-26,Arsenal,Tottenham,3,1,12,7,12,4,2,0,H,True,Win,3,2,2
2021-09-27,Crystal Palace,Brighton,1,1,8,3,12,6,2,0,D,True,Draw,1,2,0
2021-10-02,Man United,Everton,1,1,13,6,10,10,1,0,D,True,Draw,1,1,0
2021-10-02,Burnley,Norwich,0,0,14,4,13,9,5,0,D,True,Draw,1,5,0
2021-10-02,Chelsea,Southampton,3,1,20,9,11,7,1,0,H,True,Win,3,1,2
2021-10-02,Leeds,Watford,1,0,20,4,10,6,0,0,H,True,Win,3,0,1
2021-10-02,Wolves,Newcastle,2,1,7,3,15,0,0,0,H,True,Win,3,0,1
2021-10-02,Brighton,Arsenal,0,0,21,2,8,8,2,0,D,True,Draw,1,2,0
2021-10-03,Crystal Palace,Leicester,2,2,18,4,15,1,2,0,D,True,Draw,1,2,0
2021-10-03,Tottenham,Aston Villa,2,1,17,8,11,5,2,0,H,True,Win,3,2,1
2021-10-03,West Ham,Brentford,1,2,18,5,16,11,2,0,A,True,Loss,0,2,-1
2021-10-03,Liverpool,Man City,2,2,6,4,10,3,3,0,D,True,Draw,1,3,0
2021-10-16,Watford,Liverpool,0,5,6,2,4,1,0,0,A,True,Loss,0,0,-5
2021-10-16,Aston Villa,Wolves,2,3,14,5,8,6,2,0,A,True,Loss,0,2,-1
2021-10-16,Leicester,Man United,4,2,22,11,5,4,0,0,H,True,Win,3,0,2
2021-10-16,Man City,Burnley,2,0,15,6,11,6,1,0,H,True,Win,3,1,2
2021-10-16,Norwich,Brighton,0,0,15,3,5,8,3,0,D,True,Draw,1,3,0
2021-10-16,Southampton,Leeds,1,0,19,5,16,8,2,0,H,True,Win,3,2,1
2021-10-16,Brentford,Chelsea,0,1,17,7,13,5,1,0,A,True,Loss,0,1,-1
2021-10-17,Everton,West Ham,0,1,15,2,3,7,0,0,A,True,Loss,0,0,-1
2021-10-17,Newcastle,Tottenham,2,3,7,1,13,2,4,1,A,True,Loss,0,5,-1
2021-10-18,Arsenal,Crystal Palace,2,2,17,6,7,6,1,0,D,True,Draw,1,1,0
2021-10-22,Arsenal,Aston Villa,3,1,22,9,17,7,2,0,H,True,Win,3,2,2
2021-10-23,Chelsea,Norwich,7,0,23,13,14,5,0,0,H,True,Win,3,0,7
2021-10-23,Crystal Palace,Newcastle,1,1,15,3,13,3,3,0,D,True,Draw,1,3,0
2021-10-23,Everton,Watford,2,5,15,4,9,3,4,0,A,True,Loss,0,4,-3
2021-10-23,Leeds,Wolves,1,1,18,4,15,6,2,0,D,True,Draw,1,2,0
2021-10-23,Southampton,Burnley,2,2,16,4,10,6,1,0,D,True,Draw,1,1,0
2021-10-23,Brighton,Man City,1,4,10,5,10,7,2,0,A,True,Loss,0,2,-3
2021-10-24,Brentford,Leicester,1,2,15,5,13,9,1,0,A,True,Loss,0,1,-1
2021-10-24,West Ham,Tottenham,1,0,13,4,11,2,2,0,H,True,Win,3,2,1
2021-10-24,Man United,Liverpool,0,5,12,4,10,6,6,1,A,True,Loss,0,7,-5
2021-10-30,Leicester,Arsenal,0,2,16,8,8,7,2,0,A,True,Loss,0,2,-2
2021-10-30,Burnley,Brentford,3,1,15,6,7,4,1,0,H,True,Win,3,1,2
2021-10-30,Liverpool,Brighton,2,2,14,3,8,5,2,0,D,True,Draw,1,2,0
2021-10-30,Man City,Crystal Palace,0,2,14,3,11,7,2,1,A,True,Loss,0,3,-2
2021-10-30,Newcastle,Chelsea,0,3,6,1,14,0,3,0,A,True,Loss,0,3,-3
2021-10-30,Watford,Southampton,0,1,10,4,16,5,2,0,A,True,Loss,0,2,-1
2021-10-30,Tottenham,Man United,0,3,9,0,12,10,2,0,A,True,Loss,0,2,-3
2021-10-31,Norwich,Leeds,1,2,14,3,14,5,1,0,A,True,Loss,0,1,-1
2021-10-31,Aston Villa,West Ham,1,4,9,3,7,3,1,1,A,True,Loss,0,2,-3
2021-11-01,Wolves,Everton,2,1,10,4,10,4,1,0,H,True,Win,3,1,1
2021-11-05,Southampton,Aston Villa,1,0,9,3,12,10,2,0,H,True,Win,3,2,1
2021-11-06,Man United,Man City,0,2,5,1,9,1,1,0,A,True,Loss,0,1,-2
2021-11-06,Brentford,Norwich,1,2,19,7,12,6,2,0,A,True,Loss,0,2,-1
2021-11-06,Chelsea,Burnley,1,1,25,4,6,14,1,0,D,True,Draw,1,1,0
2021-11-06,Crystal Palace,Wolves,2,0,13,6,14,4,2,0,H,True,Win,3,2,2
2021-11-06,Brighton,Newcastle,1,1,14,5,16,2,3,1,D,True,Draw,1,4,0
2021-11-07,Arsenal,Watford,1,0,14,6,6,4,4,0,H,True,Win,3,4,1
2021-11-07,Everton,Tottenham,0,0,12,2,13,4,2,1,D,True,Draw,1,3,0
2021-11-07,Leeds,Leicester,1,1,18,5,12,10,1,0,D,True,Draw,1,1,0
2021-11-07,West Ham,Liverpool,3,2,7,3,11,3,1,0,H,True,Win,3,1,1
2021-11-20,Leicester,Chelsea,0,3,4,3,15,3,3,0,A,True,Loss,0,3,-3
2021-11-20,Aston Villa,Brighton,2,0,9,5,7,5,3,0,H,True,Win,3,3,2
2021-11-20,Burnley,Crystal Palace,3,3,15,9,14,3,2,0,D,True,Draw,1,2,0
2021-11-20,Newcastle,Brentford,3,3,23,9,13,8,2,0,D,True,Draw,1,2,0
2021-11-20,Norwich,Southampton,2,1,8,4,8,5,3,0,H,True,Win,3,3,1
2021-11-20,Watford,Man United,4,1,20,7,7,9,2,0,H,True,Win,3,2,3
2021-11-20,Wolves,West Ham,1,0,15,5,6,7,1,0,H,True,Win,3,1,1
2021-11-20,Liverpool,Arsenal,4,0,19,9,15,6,2,0,H,True,Win,3,2,4
2021-11-21,Man City,Everton,3,0,17,7,5,7,1,0,H,True,Win,3,1,3
2021-11-21,Tottenham,Leeds,2,1,13,4,11,4,1,0,H,True,Win,3,1,1
2021-11-27,Arsenal,Newcastle,2,0,24,6,6,4,1,0,H,True,Win,3,1,2
2021-11-27,Crystal Palace,Aston Villa,1,2,8,3,12,7,3,0,A,True,Loss,0,3,-1
2021-11-27,Liverpool,Southampton,4,0,20,6,7,5,0,0,H,True,Win,3,0,4
2021-11-27,Norwich,Wolves,0,0,14,4,11,4,2,0,D,True,Draw,1,2,0
2021-11-27,Brighton,Leeds,0,0,20,4,12,6,1,0,D,True,Draw,1,1,0
2021-11-28,Brentford,Everton,1,0,6,4,8,3,4,0,H,True,Win,3,4,1
2021-11-28,Leicester,Watford,4,2,18,8,5,8,0,0,H,True,Win,3,0,2
2021-11-28,Man City,West Ham,2,1,19,9,7,8,2,0,H,True,Win,3,2,1
2021-11-28,Chelsea,Man United,1,1,24,6,13,15,2,0,D,True,Draw,1,2,0
2021-11-30,Newcastle,Norwich,1,1,9,1,8,2,0,0,D,True,Draw,1,0,0
2021-11-30,Leeds,Crystal Palace,1,0,15,3,15,7,5,0,H,True,Win,3,5,1
2021-12-01,Southampton,Leicester,2,2,15,7,14,2,1,0,D,True,Draw,1,1,0
2021-12-01,Watford,Chelsea,1,2,13,6,18,6,4,0,A,True,Loss,0,4,-1
2021-12-01,West Ham,Brighton,1,1,14,6,10,9,1,0,D,True,Draw,1,1,0
2021-12-01,Wolves,Burnley,0,0,16,2,5,5,2,0,D,True,Draw,1,2,0
2021-12-01,Aston Villa,Man City,1,2,9,3,8,4,0,0,A,True,Loss,0,0,-1
2021-12-01,Everton,Liverpool,1,4,8,2,8,3,4,0,A,True,Loss,0,4,-3
2021-12-02,Tottenham,Brentford,2,0,11,6,13,11,0,0,H,True,Win,3,0,2
2021-12-02,Man United,Arsenal,3,2,14,10,9,3,1,0,H,True,Win,3,1,1
2021-12-04,West Ham,Chelsea,3,2,11,5,10,1,1,0,H,True,Win,3,1,1
2021-12-04,Newcastle,Burnley,1,0,19,4,11,10,1,0,H,True,Win,3,1,1
2021-12-04,Southampton,Brighton,1,1,14,4,15,6,4,0,D,True,Draw,1,4,0
2021-12-04,Wolves,Liverpool,0,1,3,1,4,2,2,0,A,True,Loss,0,2,-1
2021-12-04,Watford,Man City,1,3,11,4,10,5,3,0,A,True,Loss,0,3,-2
2021-12-05,Leeds,Brentford,2,2,13,6,11,5,5,0,D,True,Draw,1,5,0
2021-12-05,Man United,Crystal Palace,1,0,16,3,16,9,2,0,H,True,Win,3,2,1
2021-12-05,Tottenham,Norwich,3,0,17,7,11,6,1,0,H,True,Win,3,1,3
2021-12-05,Aston Villa,Leicester,2,1,13,4,8,3,1,0,H,True,Win,3,1,1
2021-12-06,Everton,Arsenal,2,1,11,5,8,3,2,0,H,True,Win,3,2,1
2021-12-10,Brentford,Watford,2,1,14,5,12,8,4,0,H,True,Win,3,4,1
2021-12-11,Man City,Wolves,1,0,24,10,12,14,3,0,H,True,Win,3,3,1
2021-12-11,Arsenal,Southampton,3,0,15,5,5,9,2,0,H,True,Win,3,2,3
2021-12-11,Chelsea,Leeds,3,2,16,6,9,5,2,0,H,True,Win,3,2,1
2021-12-11,Liverpool,Aston Villa,1,0,20,5,13,11,1,0,H,True,Win,3,1,1
2021-12-11,Norwich,Man United,0,1,11,5,6,8,1,0,A,True,Loss,0,1,-1
2021-12-12,Burnley,West Ham,0,0,9,1,13,6,2,0,D,True,Draw,1,2,0
2021-12-12,Leicester,Newcastle,4,0,8,5,9,4,2,0,H,True,Win,3,2,4
2021-12-12,Crystal Palace,Everton,3,1,17,6,15,8,0,0,H,True,Win,3,0,2
2021-12-14,Norwich,Aston Villa,0,2,7,3,12,7,3,0,A,True,Loss,0,3,-2
2021-12-14,Man City,Leeds,7,0,31,15,5,6,1,0,H,True,Win,3,1,7
2021-12-15,Brighton,Wolves,0,1,12,2,11,7,2,0,A,True,Loss,0,2,-1
2021-12-15,Crystal Palace,Southampton,2,2,9,6,16,4,2,0,D,True,Draw,1,2,0
2021-12-15,Arsenal,West Ham,2,0,21,8,8,5,2,0,H,True,Win,3,2,2
2021-12-16,Chelsea,Everton,1,1,23,10,11,7,2,0,D,True,Draw,1,2,0
2021-12-16,Liverpool,Newcastle,3,1,23,8,9,11,1,0,H,True,Win,3,1,2
2021-12-18,Leeds,Arsenal,1,4,9,2,11,1,3,0,A,True,Loss,0,3,-3
2021-12-19,Newcastle,Man City,0,4,5,1,9,3,1,0,A,True,Loss,0,1,-4
2021-12-19,Wolves,Chelsea,0,0,4,1,9,4,0,0,D,True,Draw,1,0,0
2021-12-19,Tottenham,Liverpool,2,2,10,5,12,6,4,0,D,True,Draw,1,4,0
2021-12-26,Man City,Leicester,6,3,17,9,11,14,1,0,H,True,Win,3,1,3
2021-12-26,Norwich,Arsenal,0,5,4,2,13,3,1,0,A,True,Loss,0,1,-5
2021-12-26,Tottenham,Crystal Palace,3,0,17,6,16,4,1,0,H,True,Win,3,1,3
2021-12-26,West Ham,Southampton,2,3,11,5,10,10,2,0,A,True,Loss,0,2,-1
2021-12-26,Aston Villa,Chelsea,1,3,8,1,8,2,3,0,A,True,Loss,0,3,-2
2021-12-26,Brighton,Brentford,2,0,15,5,8,6,1,0,H,True,Win,3,1,2
2021-12-27,Newcastle,Man United,1,1,13,8,11,2,3,0,D,True,Draw,1,3,0
2021-12-28,Crystal Palace,Norwich,3,0,19,6,9,8,1,0,H,True,Win,3,1,3
2021-12-28,Southampton,Tottenham,1,1,9,2,15,3,2,1,D,True,Draw,1,3,0
2021-12-28,Watford,West Ham,1,4,14,5,12,4,0,0,A,True,Loss,0,0,-3
2021-12-28,Leicester,Liverpool,1,0,6,1,8,1,0,0,H,True,Win,3,0,1
2021-12-29,Chelsea,Brighton,1,1,11,5,14,10,4,0,D,True,Draw,1,4,0
2021-12-29,Brentford,Man City,0,1,6,2,12,3,0,0,A,True,Loss,0,0,-1
2021-12-30,Man United,Burnley,3,1,18,6,5,7,0,0,H,True,Win,3,0,2
2022-01-01,Arsenal,Man City,1,2,7,2,13,5,3,1,A,True,Loss,0,4,-1
2022-01-01,Watford,Tottenham,0,1,6,4,6,3,0,0,A,True,Loss,0,0,-1
2022-01-01,Crystal Palace,West Ham,2,3,22,6,6,9,0,0,A,True,Loss,0,0,-1
2022-01-02,Brentford,Aston Villa,2,1,10,4,17,3,2,0,H,True,Win,3,2,1
2022-01-02,Everton,Brighton,2,3,17,6,5,8,1,0,A,True,Loss,0,1,-1
2022-01-02,Leeds,Burnley,3,1,22,7,11,9,2,0,H,True,Win,3,2,2
2022-01-02,Chelsea,Liverpool,2,2,15,6,5,6,1,0,D,True,Draw,1,1,0
2022-01-03,Man United,Wolves,0,1,9,2,9,3,3,0,A,True,Loss,0,3,-1
2022-01-11,Southampton,Brentford,4,1,12,6,9,5,0,0,H,True,Win,3,0,3
2022-01-12,West Ham,Norwich,2,0,13,5,9,11,0,0,H,True,Win,3,0,2
2022-01-14,Brighton,Crystal Palace,1,1,19,4,11,9,0,0,D,True,Draw,1,0,0
2022-01-15,Man City,Chelsea,1,0,11,6,11,9,0,0,H,True,Win,3,0,1
2022-01-15,Newcastle,Watford,1,1,12,1,13,4,3,0,D,True,Draw,1,3,0
2022-01-15,Norwich,Everton,2,1,14,3,12,8,3,0,H,True,Win,3,3,1
2022-01-15,Wolves,Southampton,3,1,9,5,13,2,2,0,H,True,Win,3,2,2
2022-01-15,Aston Villa,Man United,2,2,13,9,8,3,1,0,D,True,Draw,1,1,0
2022-01-16,Liverpool,Brentford,3,0,27,13,6,9,0,0,H,True,Win,3,0,3
2022-01-16,West Ham,Leeds,2,3,15,5,6,4,3,0,A,True,Loss,0,3,-1
2022-01-18,Brighton,Chelsea,1,1,10,2,8,5,1,0,D,True,Draw,1,1,0
2022-01-19,Leicester,Tottenham,2,3,14,4,6,3,1,0,A,True,Loss,0,1,-1
2022-01-19,Brentford,Man United,1,3,18,8,7,6,0,0,A,True,Loss,0,0,-2
2022-01-21,Watford,Norwich,0,3,15,4,16,5,0,1,A,True,Loss,0,1,-3
2022-01-22,Everton,Aston Villa,0,1,15,1,14,9,5,0,A,True,Loss,0,5,-1
2022-01-22,Brentford,Wolves,1,2,11,1,6,6,2,0,A,True,Loss,0,2,-1
2022-01-22,Leeds,Newcastle,0,1,13,4,9,6,4,0,A,True,Loss,0,4,-1
2022-01-22,Man United,West Ham,1,0,18,3,9,3,1,0,H,True,Win,3,1,1
2022-01-22,Southampton,Man City,1,1,7,3,13,2,3,0,D,True,Draw,1,3,0
2022-01-23,Arsenal,Burnley,0,0,20,5,9,12,0,0,D,True,Draw,1,0,0
2022-01-23,Crystal Palace,Liverpool,1,3,8,5,12,2,4,0,A,True,Loss,0,4,-2
2022-01-23,Leicester,Brighton,1,1,15,5,6,4,0,0,D,True,Draw,1,0,0
2022-01-23,Chelsea,Tottenham,2,0,15,7,17,10,2,0,H,True,Win,3,2,2
2022-02-05,Burnley,Watford,0,0,13,2,16,4,1,0,D,True,Draw,1,1,0
2022-02-08,Newcastle,Everton,3,1,20,9,13,6,2,0,H,True,Win,3,2,2
2022-02-08,West Ham,Watford,1,0,9,3,1,5,1,0,H,True,Win,3,1,1
2022-02-08,Burnley,Man United,1,1,9,3,11,2,2,0,D,True,Draw,1,2,0
2022-02-09,Man City,Brentford,2,0,15,7,7,9,0,0,H,True,Win,3,0,2
2022-02-09,Norwich,Crystal Palace,1,1,5,1,11,4,1,0,D,True,Draw,1,1,0
2022-02-09,Tottenham,Southampton,2,3,8,3,7,2,2,0,A,True,Loss,0,2,-1
2022-02-09,Aston Villa,Leeds,3,3,12,4,11,6,1,1,D,True,Draw,1,2,0
2022-02-10,Liverpool,Leicester,2,0,22,11,11,7,1,0,H,True,Win,3,1,2
2022-02-10,Wolves,Arsenal,0,1,15,4,12,7,2,0,A,True,Loss,0,2,-1
2022-02-12,Man United,Southampton,1,1,12,8,12,1,4,0,D,True,Draw,1,4,0
2022-02-12,Brentford,Crystal Palace,0,0,9,2,10,3,1,0,D,True,Draw,1,1,0
2022-02-12,Everton,Leeds,3,0,21,10,8,5,1,0,H,True,Win,3,1,3
2022-02-12,Watford,Brighton,0,2,9,1,16,4,3,0,A,True,Loss,0,3,-2
2022-02-12,Norwich,Man City,0,4,8,3,7,4,0,0,A,True,Loss,0,0,-4
2022-02-13,Burnley,Liverpool,0,1,8,5,7,5,0,0,A,True,Loss,0,0,-1
2022-02-13,Newcastle,Aston Villa,1,0,10,2,22,3,3,0,H,True,Win,3,3,1
2022-02-13,Tottenham,Wolves,0,2,17,7,13,7,3,0,A,True,Loss,0,3,-2
2022-02-13,Leicester,West Ham,2,2,13,2,10,5,1,0,D,True,Draw,1,1,0
2022-02-15,Man United,Brighton,2,0,19,7,8,10,3,0,H,True,Win,3,3,2
2022-02-19,West Ham,Newcastle,1,1,11,3,3,3,3,0,D,True,Draw,1,3,0
2022-02-19,Arsenal,Brentford,2,1,24,8,10,14,1,0,H,True,Win,3,1,1
2022-02-19,Aston Villa,Watford,0,1,20,1,12,10,1,0,A,True,Loss,0,1,-1
2022-02-19,Brighton,Burnley,0,3,11,1,12,4,1,0,A,True,Loss,0,1,-3
2022-02-19,Crystal Palace,Chelsea,0,1,7,0,4,4,1,0,A,True,Loss,0,1,-1
2022-02-19,Liverpool,Norwich,3,1,29,8,7,9,0,0,H,True,Win,3,0,2
2022-02-19,Southampton,Everton,2,0,19,11,6,4,0,0,H,True,Win,3,0,2
2022-02-19,Man City,Tottenham,2,3,21,4,5,10,0,0,A,True,Loss,0,0,-1
2022-02-20,Leeds,Man United,2,4,16,6,13,3,6,0,A,True,Loss,0,6,-2
2022-02-20,Wolves,Leicester,2,1,11,3,12,7,4,0,H,True,Win,3,4,1
2022-02-23,Burnley,Tottenham,1,0,15,4,8,3,0,0,H,True,Win,3,0,1
2022-02-23,Watford,Crystal Palace,1,4,8,1,12,6,2,0,A,True,Loss,0,2,-3
2022-02-23,Liverpool,Leeds,6,0,23,15,5,4,0,0,H,True,Win,3,0,6
2022-02-24,Arsenal,Wolves,2,1,26,5,8,5,1,0,H,True,Win,3,1,1
2022-02-25,Southampton,Norwich,2,0,27,9,12,13,1,0,H,True,Win,3,1,2
2022-02-26,Leeds,Tottenham,0,4,19,3,16,3,4,0,A,True,Loss,0,4,-4
2022-02-26,Brentford,Newcastle,0,2,6,1,9,6,3,1,A,True,Loss,0,4,-2
2022-02-26,Crystal Palace,Burnley,1,1,11,4,5,5,0,0,D,True,Draw,1,0,0
2022-02-26,Man United,Watford,0,0,22,3,2,4,0,0,D,True,Draw,1,0,0
2022-02-26,Brighton,Aston Villa,0,2,12,1,17,7,4,0,A,True,Loss,0,4,-2
2022-02-26,Everton,Man City,0,1,6,2,7,3,3,0,A,True,Loss,0,3,-1
2022-02-27,West Ham,Wolves,1,0,13,4,8,3,1,0,H,True,Win,3,1,1
2022-03-01,Burnley,Leicester,0,2,9,2,10,6,1,0,A,True,Loss,0,1,-2
2022-03-05,Leicester,Leeds,1,0,7,4,9,5,1,0,H,True,Win,3,1,1
2022-03-05,Aston Villa,Southampton,4,0,14,9,10,4,1,0,H,True,Win,3,1,4
2022-03-05,Burnley,Chelsea,0,4,6,1,12,5,2,0,A,True,Loss,0,2,-4
2022-03-05,Newcastle,Brighton,2,1,10,4,8,4,1,0,H,True,Win,3,1,1
2022-03-05,Norwich,Brentford,1,3,15,7,13,5,2,0,A,True,Loss,0,2,-2
2022-03-05,Wolves,Crystal Palace,0,2,12,5,13,7,0,0,A,True,Loss,0,0,-2
2022-03-05,Liverpool,West Ham,1,0,22,5,7,4,2,0,H,True,Win,3,2,1
2022-03-06,Watford,Arsenal,2,3,13,7,5,1,1,0,A,True,Loss,0,1,-1
2022-03-06,Man City,Man United,4,1,24,10,10,9,0,0,H,True,Win,3,0,3
2022-03-07,Tottenham,Everton,5,0,14,7,15,5,2,0,H,True,Win,3,2,5
2022-03-10,Norwich,Chelsea,1,3,9,3,8,3,0,0,A,True,Loss,0,0,-2
2022-03-10,Southampton,Newcastle,1,2,14,5,6,12,1,0,A,True,Loss,0,1,-1
2022-03-10,Wolves,Watford,4,0,10,5,11,5,2,0,H,True,Win,3,2,4
2022-03-10,Leeds,Aston Villa,0,3,4,1,17,3,5,0,A,True,Loss,0,5,-3
2022-03-12,Brighton,Liverpool,0,2,8,3,12,7,3,0,A,True,Loss,0,3,-2
2022-03-12,Brentford,Burnley,2,0,13,4,6,2,1,0,H,True,Win,3,1,2
2022-03-12,Man United,Tottenham,3,2,10,6,8,4,2,0,H,True,Win,3,2,1
2022-03-13,Chelsea,Newcastle,1,0,8,3,17,7,4,0,H,True,Win,3,4,1
2022-03-13,Everton,Wolves,0,1,8,2,13,5,2,1,A,True,Loss,0,3,-1
2022-03-13,Leeds,Norwich,2,1,13,7,18,6,3,0,H,True,Win,3,3,1
2022-03-13,Southampton,Watford,1,2,13,7,8,11,3,0,A,True,Loss,0,3,-1
2022-03-13,West Ham,Aston Villa,2,1,11,4,9,5,1,0,H,True,Win,3,1,1
2022-03-13,Arsenal,Leicester,2,0,21,8,8,2,0,0,H,True,Win,3,0,2
2022-03-14,Crystal Palace,Man City,0,0,7,1,6,2,3,0,D,True,Draw,1,3,0
2022-03-16,Brighton,Tottenham,0,2,15,0,11,6,2,0,A,True,Loss,0,2,-2
2022-03-16,Arsenal,Liverpool,0,2,9,2,9,1,0,0,A,True,Loss,0,0,-2
2022-03-17,Everton,Newcastle,1,0,9,3,13,5,2,1,H,True,Win,3,3,1
2022-03-18,Wolves,Leeds,2,3,14,8,13,2,1,1,A,True,Loss,0,2,-1
2022-03-19,Aston Villa,Arsenal,0,1,8,1,13,6,3,0,A,True,Loss,0,3,-1
2022-03-20,Leicester,Brentford,2,1,12,4,10,2,1,0,H,True,Win,3,1,1
2022-03-20,Tottenham,West Ham,3,1,17,4,7,5,0,0,H,True,Win,3,0,2
2022-04-02,Liverpool,Watford,2,0,20,3,9,9,1,0,H,True,Win,3,1,2
2022-04-02,Brighton,Norwich,0,0,31,4,12,11,1,0,D,True,Draw,1,1,0
2022-04-02,Burnley,Man City,0,2,3,1,11,1,1,0,A,True,Loss,0,1,-2
2022-04-02,Chelsea,Brentford,1,4,21,8,11,12,0,0,A,True,Loss,0,0,-3
2022-04-02,Leeds,Southampton,1,1,12,3,14,4,1,0,D,True,Draw,1,1,0
2022-04-02,Wolves,Aston Villa,2,1,11,5,15,4,4,0,H,True,Win,3,4,1
2022-04-02,Man United,Leicester,1,1,11,5,13,6,2,0,D,True,Draw,1,2,0
2022-04-03,West Ham,Everton,2,1,11,5,9,2,1,0,H,True,Win,3,1,1
2022-04-03,Tottenham,Newcastle,5,1,19,6,10,2,2,0,H,True,Win,3,2,4
2022-04-04,Crystal Palace,Arsenal,3,0,6,5,11,0,0,0,H,True,Win,3,0,3
2022-04-06,Burnley,Everton,3,2,13,4,11,9,2,0,H,True,Win,3,2,1
2022-04-08,Newcastle,Wolves,1,0,12,4,6,1,1,0,H,True,Win,3,1,1
2022-04-09,Everton,Man United,1,0,7,3,4,5,2,0,H,True,Win,3,2,1
2022-04-09,Arsenal,Brighton,1,2,20,4,12,11,3,0,A,True,Loss,0,3,-1
2022-04-09,Southampton,Chelsea,0,6,4,1,11,3,1,0,A,True,Loss,0,1,-6
2022-04-09,Watford,Leeds,0,3,8,1,8,3,2,0,A,True,Loss,0,2,-3
2022-04-09,Aston Villa,Tottenham,0,4,9,8,12,9,2,0,A,True,Loss,0,2,-4
2022-04-10,Brentford,West Ham,2,0,15,7,2,4,0,0,H,True,Win,3,0,2
2022-04-10,Leicester,Crystal Palace,2,1,12,3,11,3,1,0,H,True,Win,3,1,1
2022-04-10,Norwich,Burnley,2,0,17,6,12,6,1,0,H,True,Win,3,1,2
2022-04-10,Man City,Liverpool,2,2,11,5,9,4,1,0,D,True,Draw,1,1,0
2022-04-16,Tottenham,Brighton,0,1,5,0,14,4,3,0,A,True,Loss,0,3,-1
2022-04-16,Man United,Norwich,3,2,20,9,7,6,0,0,H,True,Win,3,0,1
2022-04-16,Southampton,Arsenal,1,0,9,3,6,6,2,0,H,True,Win,3,2,1
2022-04-16,Watford,Brentford,1,2,17,4,11,6,2,0,A,True,Loss,0,2,-1
2022-04-17,Newcastle,Leicester,2,1,16,7,10,3,2,0,H,True,Win,3,2,1
2022-04-17,West Ham,Burnley,1,1,21,8,9,13,2,0,D,True,Draw,1,2,0
2022-04-19,Liverpool,Man United,4,0,14,5,3,10,1,0,H,True,Win,3,1,4
2022-04-20,Chelsea,Arsenal,2,4,11,2,7,6,3,0,A,True,Loss,0,3,-2
2022-04-20,Everton,Leicester,1,1,13,3,8,5,3,0,D,True,Draw,1,3,0
2022-04-20,Newcastle,Crystal Palace,1,0,13,4,12,2,1,0,H,True,Win,3,1,1
2022-04-20,Man City,Brighton,3,0,17,5,12,7,0,0,H,True,Win,3,0,3
2022-04-21,Burnley,Southampton,2,0,16,6,7,10,2,0,H,True,Win,3,2,2
2022-04-23,Arsenal,Man United,3,1,14,7,9,1,3,0,H,True,Win,3,3,2
2022-04-23,Leicester,Aston Villa,0,0,5,2,15,7,3,0,D,True,Draw,1,3,0
2022-04-23,Man City,Watford,5,1,21,8,9,11,1,0,H,True,Win,3,1,4
2022-04-23,Norwich,Newcastle,0,3,5,2,11,2,0,0,A,True,Loss,0,0,-3
2022-04-23,Brentford,Tottenham,0,0,15,2,8,12,2,0,D,True,Draw,1,2,0
2022-04-24,Brighton,Southampton,2,2,8,5,12,6,1,0,D,True,Draw,1,1,0
2022-04-24,Burnley,Wolves,1,0,14,5,8,3,3,0,H,True,Win,3,3,1
2022-04-24,Chelsea,West Ham,1,0,26,5,11,3,1,0,H,True,Win,3,1,1
2022-04-24,Liverpool,Everton,2,0,18,4,8,13,2,0,H,True,Win,3,2,2
2022-04-25,Crystal Palace,Leeds,0,0,17,7,12,6,2,0,D,True,Draw,1,2,0
2022-04-28,Man United,Chelsea,1,1,6,3,9,2,0,0,D,True,Draw,1,0,0
2022-04-30,Newcastle,Liverpool,0,1,4,2,11,0,1,0,A,True,Loss,0,1,-1
2022-04-30,Aston Villa,Norwich,2,0,21,6,16,2,4,0,H,True,Win,3,4,2
2022-04-30,Southampton,Crystal Palace,1,2,8,3,13,6,1,0,A,True,Loss,0,1,-1
2022-04-30,Watford,Burnley,1,2,13,1,13,5,1,0,A,True,Loss,0,1,-1
2022-04-30,Wolves,Brighton,0,3,11,1,6,7,2,0,A,True,Loss,0,2,-3
2022-04-30,Leeds,Man City,0,4,7,2,13,3,1,0,A,True,Loss,0,1,-4
2022-05-01,Everton,Chelsea,1,0,9,4,9,3,3,0,H,True,Win,3,3,1
2022-05-01,Tottenham,Leicester,3,1,13,7,13,7,2,0,H,True,Win,3,2,2
2022-05-01,West Ham,Arsenal,1,2,8,3,8,3,2,0,A,True,Loss,0,2,-1
2022-05-02,Man United,Brentford,3,0,9,5,4,3,1,0,H,True,Win,3,1,3
2022-05-07,Brentford,Southampton,3,0,18,5,12,4,0,0,H,True,Win,3,0,3
2022-05-07,Burnley,Aston Villa,1,3,14,6,13,4,1,0,A,True,Loss,0,1,-2
2022-05-07,Chelsea,Wolves,2,2,19,6,7,9,1,0,D,True,Draw,1,1,0
2022-05-07,Crystal Palace,Watford,1,0,15,7,11,8,2,0,H,True,Win,3,2,1
2022-05-07,Brighton,Man United,4,0,17,6,13,7,0,0,H,True,Win,3,0,4
2022-05-07,Liverpool,Tottenham,1,1,22,3,12,11,3,0,D,True,Draw,1,3,0
2022-05-08,Arsenal,Leeds,2,1,19,9,13,8,2,0,H,True,Win,3,2,1
2022-05-08,Leicester,Everton,1,2,16,9,11,6,3,0,A,True,Loss,0,3,-1
2022-05-08,Norwich,West Ham,0,4,8,2,7,9,1,0,A,True,Loss,0,1,-4
2022-05-08,Man City,Newcastle,5,0,21,9,6,8,1,0,H,True,Win,3,1,5
2022-05-10,Aston Villa,Liverpool,1,2,9,4,10,2,0,0,A,True,Loss,0,0,-1
2022-05-11,Leeds,Chelsea,0,3,5,0,10,1,1,1,A,True,Loss,0,2,-3
2022-05-11,Leicester,Norwich,3,0,20,8,10,10,0,0,H,True,Win,3,0,3
2022-05-11,Watford,Everton,0,0,6,0,5,1,1,0,D,True,Draw,1,1,0
2022-05-11,Wolves,Man City,1,5,7,3,2,6,0,0,A,True,Loss,0,0,-4
2022-05-12,Tottenham,Arsenal,3,0,16,6,8,2,1,0,H,True,Win,3,1,3
2022-05-15,Tottenham,Burnley,1,0,21,8,12,8,3,0,H,True,Win,3,3,1
2022-05-15,Aston Villa,Crystal Palace,1,1,13,4,11,1,1,0,D,True,Draw,1,1,0
2022-05-15,Leeds,Brighton,1,1,19,5,16,8,3,0,D,True,Draw,1,3,0
2022-05-15,Watford,Leicester,1,5,13,5,4,7,0,0,A,True,Loss,0,0,-4
2022-05-15,West Ham,Man City,2,2,6,2,9,4,3,0,D,True,Draw,1,3,0
2022-05-15,Wolves,Norwich,1,1,17,4,5,5,0,0,D,True,Draw,1,0,0
2022-05-15,Everton,Brentford,2,3,10,5,8,5,0,2,A,True,Loss,0,2,-1
2022-05-16,Newcastle,Arsenal,2,0,16,4,11,12,0,0,H,True,Win,3,0,2
2022-05-17,Southampton,Liverpool,1,2,4,2,6,1,2,0,A,True,Loss,0,2,-1
2022-05-19,Everton,Crystal Palace,3,2,12,6,9,4,2,0,H,True,Win,3,2,1
2022-05-19,Aston Villa,Burnley,1,1,22,9,11,13,0,0,D,True,Draw,1,0,0
2022-05-19,Chelsea,Leicester,1,1,20,7,13,6,4,0,D,True,Draw,1,4,0
2022-05-22,Arsenal,Everton,5,1,26,9,8,12,0,0,H,True,Win,3,0,4
2022-05-22,Brentford,Leeds,1,2,14,5,11,3,2,1,A,True,Loss,0,3,-1
2022-05-22,Brighton,West Ham,3,1,18,7,9,5,1,0,H,True,Win,3,1,2
2022-05-22,Burnley,Newcastle,1,2,12,5,8,8,1,0,A,True,Loss,0,1,-1
2022-05-22,Chelsea,Watford,2,1,19,8,9,3,0,0,H,True,Win,3,0,1
2022-05-22,Crystal Palace,Man United,1,0,6,3,12,3,2,0,H,True,Win,3,2,1
2022-05-22,Leicester,Southampton,4,1,12,6,10,3,0,0,H,True,Win,3,0,3
2022-05-22,Liverpool,Wolves,3,1,29,8,6,5,1,0,H,True,Win,3,1,2
2022-05-22,Man City,Aston Villa,3,2,24,5,5,13,0,0,H,True,Win,3,0,1
2022-05-22,Norwich,Tottenham,0,5,9,0,13,3,3,0,A,True,Loss,0,3,-5
2021-08-13,Arsenal,Brentford,0,2,22,4,8,5,0,0,H,False,Loss,0,0,-2
2021-08-14,Leeds,Man United,1,5,10,3,9,4,2,0,H,False,Loss,0,2,-4
2021-08-14,Brighton,Burnley,2,1,14,8,7,6,1,0,A,False,Win,3,1,1
2021-08-14,Crystal Palace,Chelsea,0,3,4,1,11,2,0,0,H,False,Loss,0,0,-3
2021-08-14,Southampton,Everton,1,3,6,3,15,8,0,0,H,False,Loss,0,0,-2
2021-08-14,Wolves,Leicester,0,1,17,3,10,4,2,0,H,False,Loss,0,2,-1
2021-08-14,Aston Villa,Watford,2,3,11,2,13,4,1,0,H,False,Loss,0,1,-1
2021-08-14,Liverpool,Norwich,3,0,19,8,14,11,1,0,A,False,Win,3,1,3
2021-08-15,West Ham,Newcastle,4,2,8,9,3,6,0,0,A,False,Win,3,0,2
2021-08-15,Man City,Tottenham,0,1,18,4,8,11,1,0,H,False,Loss,0,1,-1
2021-08-21,Burnley,Liverpool,0,2,9,3,12,4,0,0,H,False,Loss,0,0,-2
2021-08-21,Newcastle,Aston Villa,0,2,9,1,18,4,4,0,H,False,Loss,0,4,-2
2021-08-21,Brentford,Crystal Palace,0,0,14,3,9,5,1,0,D,False,Draw,1,1,0
2021-08-21,Everton,Leeds,2,2,17,8,13,5,4,0,D,False,Draw,1,4,0
2021-08-21,Norwich,Man City,0,5,1,0,7,1,0,0,H,False,Loss,0,0,-5
2021-08-21,Watford,Brighton,0,2,10,1,6,2,0,0,H,False,Loss,0,0,-2
2021-08-22,Man United,Southampton,1,1,15,4,10,7,3,0,D,False,Draw,1,3,0
2021-08-22,Tottenham,Wolves,1,0,8,6,7,4,4,0,A,False,Win,3,4,1
2021-08-22,Chelsea,Arsenal,2,0,22,5,4,8,0,0,A,False,Win,3,0,2
2021-08-23,Leicester,West Ham,1,4,5,1,8,0,1,1,H,False,Loss,0,2,-3
2021-08-28,Arsenal,Man City,0,5,1,0,7,0,2,1,H,False,Loss,0,3,-5
2021-08-28,Brentford,Aston Villa,1,1,9,2,14,2,3,0,D,False,Draw,1,3,0
2021-08-28,Everton,Brighton,2,0,14,5,9,5,2,0,A,False,Win,3,2,2
2021-08-28,Southampton,Newcastle,2,2,22,6,6,4,3,0,D,False,Draw,1,3,0
2021-08-28,Leicester,Norwich,2,1,9,3,9,9,1,0,A,False,Win,3,1,1
2021-08-28,Crystal Palace,West Ham,2,2,9,2,7,3,0,0,D,False,Draw,1,0,0
2021-08-28,Chelsea,Liverpool,1,1,6,3,4,3,2,1,D,False,Draw,1,3,0
2021-08-29,Leeds,Burnley,1,1,12,2,9,5,3,0,D,False,Draw,1,3,0
2021-08-29,Watford,Tottenham,0,1,9,2,14,3,3,0,H,False,Loss,0,3,-1
2021-08-29,Man United,Wolves,1,0,10,3,9,7,4,0,A,False,Win,3,4,1
2021-09-11,Tottenham,Crystal Palace,0,3,2,1,15,2,1,1,H,False,Loss,0,2,-3
2021-09-11,Norwich,Arsenal,0,1,10,1,11,4,2,0,H,False,Loss,0,2,-1
2021-09-11,Brighton,Brentford,1,0,4,2,12,6,2,0,A,False,Win,3,2,1
2021-09-11,Man City,Leicester,1,0,25,8,11,8,2,0,A,False,Win,3,2,1
2021-09-11,Newcastle,Man United,1,4,12,3,2,3,0,0,H,False,Loss,0,0,-3
2021-09-11,West Ham,Southampton,0,0,13,3,12,4,1,1,D,False,Draw,1,2,0
2021-09-11,Wolves,Watford,2,0,14,5,13,8,3,0,A,False,Win,3,3,2
2021-09-11,Aston Villa,Chelsea,0,3,18,6,11,11,4,0,H,False,Loss,0,4,-3
2021-09-12,Liverpool,Leeds,3,0,30,9,8,11,1,0,A,False,Win,3,1,3
2021-09-13,Burnley,Everton,1,3,11,6,6,6,1,0,H,False,Loss,0,1,-2
2021-09-17,Leeds,Newcastle,1,1,22,9,11,5,2,0,D,False,Draw,1,2,0
2021-09-18,Brentford,Wolves,2,0,9,3,7,2,2,1,A,False,Win,3,3,2
2021-09-18,Arsenal,Burnley,1,0,13,3,8,3,1,0,A,False,Win,3,1,1
2021-09-18,Crystal Palace,Liverpool,0,3,13,2,11,5,1,0,H,False,Loss,0,1,-3
2021-09-18,Southampton,Man City,0,0,10,2,12,5,2,0,D,False,Draw,1,2,0
2021-09-18,Watford,Norwich,3,1,12,8,14,8,1,0,A,False,Win,3,1,2
2021-09-18,Everton,Aston Villa,0,3,11,1,10,4,1,0,H,False,Loss,0,1,-3
2021-09-19,Leicester,Brighton,1,2,14,3,10,9,1,0,H,False,Loss,0,1,-1
2021-09-19,Man United,West Ham,2,1,17,10,8,11,0,0,A,False,Win,3,0,1
2021-09-19,Chelsea,Tottenham,3,0,20,10,15,11,1,0,A,False,Win,3,1,3
2021-09-25,Man City,Chelsea,1,0,15,4,10,13,2,0,A,False,Win,3,2,1
2021-09-25,Aston Villa,Man United,1,0,7,3,13,5,2,0,A,False,Win,3,2,1
2021-09-25,Norwich,Everton,0,2,10,2,9,4,3,0,H,False,Loss,0,3,-2
2021-09-25,West Ham,Leeds,2,1,20,7,6,7,2,0,A,False,Win,3,2,1
2021-09-25,Burnley,Leicester,2,2,9,3,8,4,4,0,D,False,Draw,1,4,0
2021-09-25,Newcastle,Watford,1,1,20,6,12,6,3,0,D,False,Draw,1,3,0
2021-09-25,Liverpool,Brentford,3,3,16,6,7,11,1,0,D,False,Draw,1,1,0
2021-09-26,Wolves,Southampton,1,0,5,3,8,5,0,0,A,False,Win,3,0,1
2021-09-26,Tottenham,Arsenal,1,3,10,4,13,4,1,0,H,False,Loss,0,1,-2
2021-09-27,Brighton,Crystal Palace,1,1,8,4,10,5,3,0,D,False,Draw,1,3,0
2021-10-02,Everton,Man United,1,1,12,2,9,1,1,0,D,False,Draw,1,1,0
2021-10-02,Norwich,Burnley,0,0,10,2,3,5,2,0,D,False,Draw,1,2,0
2021-10-02,Southampton,Chelsea,1,3,6,2,13,2,3,1,H,False,Loss,0,4,-2
2021-10-02,Watford,Leeds,0,1,5,1,16,3,3,0,H,False,Loss,0,3,-1
2021-10-02,Newcastle,Wolves,1,2,8,2,5,4,2,0,H,False,Loss,0,2,-1
2021-10-02,Arsenal,Brighton,0,0,8,2,5,5,1,0,D,False,Draw,1,1,0
2021-10-03,Leicester,Crystal Palace,2,2,9,5,11,3,3,0,D,False,Draw,1,3,0
2021-10-03,Aston Villa,Tottenham,1,2,14,3,14,8,1,0,H,False,Loss,0,1,-1
2021-10-03,Brentford,West Ham,2,1,13,6,13,6,3,0,A,False,Win,3,3,1
2021-10-03,Man City,Liverpool,2,2,12,3,12,4,3,0,D,False,Draw,1,3,0
2021-10-16,Liverpool,Watford,5,0,19,8,10,9,0,0,A,False,Win,3,0,5
2021-10-16,Wolves,Aston Villa,3,2,9,4,17,7,3,0,A,False,Win,3,3,1
2021-10-16,Man United,Leicester,2,4,18,6,17,3,3,0,H,False,Loss,0,3,-2
2021-10-16,Burnley,Man City,0,2,7,2,5,2,0,0,H,False,Loss,0,0,-2
2021-10-16,Brighton,Norwich,0,0,11,3,14,4,5,0,D,False,Draw,1,5,0
2021-10-16,Leeds,Southampton,0,1,3,0,14,1,3,0,H,False,Loss,0,3,-1
2021-10-16,Chelsea,Brentford,1,0,5,1,8,5,1,0,A,False,Win,3,1,1
2021-10-17,West Ham,Everton,1,0,16,4,3,9,2,0,A,False,Win,3,2,1
2021-10-17,Tottenham,Newcastle,3,2,14,4,4,9,1,0,A,False,Win,3,1,1
2021-10-18,Crystal Palace,Arsenal,2,2,9,6,4,4,1,0,D,False,Draw,1,1,0
2021-10-22,Aston Villa,Arsenal,1,3,10,4,10,4,5,0,H,False,Loss,0,5,-2
2021-10-23,Norwich,Chelsea,0,7,3,1,16,0,2,1,H,False,Loss,0,3,-7
2021-10-23,Newcastle,Crystal Palace,1,1,6,2,9,7,4,0,D,False,Draw,1,4,0
2021-10-23,Watford,Everton,5,2,20,8,13,5,3,0,A,False,Win,3,3,3
2021-10-23,Wolves,Leeds,1,1,8,4,14,3,3,0,D,False,Draw,1,3,0
2021-10-23,Burnley,Southampton,2,2,9,5,11,2,3,0,D,False,Draw,1,3,0
2021-10-23,Man City,Brighton,4,1,23,14,6,6,3,0,A,False,Win,3,3,3
2021-10-24,Leicester,Brentford,2,1,10,6,7,2,1,0,A,False,Win,3,1,1
2021-10-24,Tottenham,West Ham,0,1,7,4,4,4,1,0,H,False,Loss,0,1,-1
2021-10-24,Liverpool,Man United,5,0,19,8,8,3,0,0,A,False,Win,3,0,5
2021-10-30,Arsenal,Leicester,2,0,9,5,11,6,0,0,A,False,Win,3,0,2
2021-10-30,Brentford,Burnley,1,3,12,5,10,2,1,0,H,False,Loss,0,1,-2
2021-10-30,Brighton,Liverpool,2,2,9,6,5,3,2,0,D,False,Draw,1,2,0
2021-10-30,Crystal Palace,Man City,2,0,8,3,11,1,3,0,A,False,Win,3,3,2
2021-10-30,Chelsea,Newcastle,3,0,19,6,12,2,2,0,A,False,Win,3,2,3
2021-10-30,Southampton,Watford,1,0,12,1,6,8,2,0,A,False,Win,3,2,1
2021-10-30,Man United,Tottenham,3,0,10,4,14,2,3,0,A,False,Win,3,3,3
2021-10-31,Leeds,Norwich,2,1,13,6,23,0,4,0,A,False,Win,3,4,1
2021-10-31,West Ham,Aston Villa,4,1,21,9,13,6,2,0,A,False,Win,3,2,3
2021-11-01,Everton,Wolves,1,2,14,5,8,3,1,0,H,False,Loss,0,1,-1
2021-11-05,Aston Villa,Southampton,0,1,14,3,12,8,2,0,H,False,Loss,0,2,-1
2021-11-06,Man City,Man United,2,0,16,5,12,9,2,0,A,False,Win,3,2,2
2021-11-06,Norwich,Brentford,2,1,9,5,13,2,3,0,A,False,Win,3,3,1
2021-11-06,Burnley,Chelsea,1,1,5,2,9,2,4,0,D,False,Draw,1,4,0
2021-11-06,Wolves,Crystal Palace,0,2,4,2,13,6,1,0,H,False,Loss,0,1,-2
2021-11-06,Newcastle,Brighton,1,1,6,1,10,5,4,0,D,False,Draw,1,4,0
2021-11-07,Watford,Arsenal,0,1,7,1,19,2,2,1,H,False,Loss,0,3,-1
2021-11-07,Tottenham,Everton,0,0,8,0,17,2,4,0,D,False,Draw,1,4,0
2021-11-07,Leicester,Leeds,1,1,9,3,5,5,1,0,D,False,Draw,1,1,0
2021-11-07,Liverpool,West Ham,2,3,16,5,6,2,1,0,H,False,Loss,0,1,-1
2021-11-20,Chelsea,Leicester,3,0,16,7,8,5,1,0,A,False,Win,3,1,3
2021-11-20,Brighton,Aston Villa,0,2,6,2,13,7,3,0,H,False,Loss,0,3,-2
2021-11-20,Crystal Palace,Burnley,3,3,18,8,15,6,3,0,D,False,Draw,1,3,0
2021-11-20,Brentford,Newcastle,3,3,10,4,11,2,2,0,D,False,Draw,1,2,0
2021-11-20,Southampton,Norwich,1,2,17,5,9,7,2,0,H,False,Loss,0,2,-1
2021-11-20,Man United,Watford,1,4,9,3,5,3,1,1,H,False,Loss,0,2,-3
2021-11-20,West Ham,Wolves,0,1,8,3,9,3,1,0,H,False,Loss,0,1,-1
2021-11-20,Arsenal,Liverpool,0,4,5,3,12,1,0,0,H,False,Loss,0,0,-4
2021-11-21,Everton,Man City,0,3,4,1,7,1,1,0,H,False,Loss,0,1,-3
2021-11-21,Leeds,Tottenham,1,2,18,7,12,8,4,0,H,False,Loss,0,4,-1
2021-11-27,Newcastle,Arsenal,0,2,9,5,12,4,3,0,H,False,Loss,0,3,-2
2021-11-27,Aston Villa,Crystal Palace,2,1,10,3,10,3,3,0,A,False,Win,3,3,1
2021-11-27,Southampton,Liverpool,0,4,7,3,14,7,1,0,H,False,Loss,0,1,-4
2021-11-27,Wolves,Norwich,0,0,5,2,10,3,2,0,D,False,Draw,1,2,0
2021-11-27,Leeds,Brighton,0,0,11,4,14,1,3,0,D,False,Draw,1,3,0
2021-11-28,Everton,Brentford,0,1,14,5,11,3,3,0,H,False,Loss,0,3,-1
2021-11-28,Watford,Leicester,2,4,16,5,19,6,0,0,H,False,Loss,0,0,-2
2021-11-28,West Ham,Man City,1,2,5,3,6,4,0,0,H,False,Loss,0,0,-1
2021-11-28,Man United,Chelsea,1,1,3,2,14,2,5,0,D,False,Draw,1,5,0
2021-11-30,Norwich,Newcastle,1,1,16,6,11,5,0,1,D,False,Draw,1,1,0
2021-11-30,Crystal Palace,Leeds,0,1,9,1,15,4,3,0,H,False,Loss,0,3,-1
2021-12-01,Leicester,Southampton,2,2,15,6,11,4,3,0,D,False,Draw,1,3,0
2021-12-01,Chelsea,Watford,2,1,8,4,16,0,3,0,A,False,Win,3,3,1
2021-12-01,Brighton,West Ham,1,1,9,3,8,5,1,0,D,False,Draw,1,1,0
2021-12-01,Burnley,Wolves,0,0,6,1,7,5,3,0,D,False,Draw,1,3,0
2021-12-01,Man City,Aston Villa,2,1,17,7,12,11,0,0,A,False,Win,3,0,1
2021-12-01,Liverpool,Everton,4,1,16,7,16,11,3,0,A,False,Win,3,3,3
2021-12-02,Brentford,Tottenham,0,2,6,2,11,5,0,0,H,False,Loss,0,0,-2
2021-12-02,Arsenal,Man United,2,3,17,8,10,8,0,0,H,False,Loss,0,0,-1
2021-12-04,Chelsea,West Ham,2,3,19,7,10,9,3,0,H,False,Loss,0,3,-1
2021-12-04,Burnley,Newcastle,0,1,10,1,9,3,1,0,H,False,Loss,0,1,-1
2021-12-04,Brighton,Southampton,1,1,14,4,12,2,2,0,D,False,Draw,1,2,0
2021-12-04,Liverpool,Wolves,1,0,17,5,7,8,2,0,A,False,Win,3,2,1
2021-12-04,Man City,Watford,3,1,26,13,7,11,0,0,A,False,Win,3,0,2
2021-12-05,Brentford,Leeds,2,2,9,3,9,1,3,0,D,False,Draw,1,3,0
2021-12-05,Crystal Palace,Man United,0,1,8,2,9,6,2,0,H,False,Loss,0,2,-1
2021-12-05,Norwich,Tottenham,0,3,10,1,4,4,2,0,H,False,Loss,0,2,-3
2021-12-05,Leicester,Aston Villa,1,2,12,5,25,6,1,0,H,False,Loss,0,1,-1
2021-12-06,Arsenal,Everton,1,2,10,3,12,3,2,0,H,False,Loss,0,2,-1
2021-12-10,Watford,Brentford,1,2,6,2,18,2,0,0,H,False,Loss,0,0,-1
2021-12-11,Wolves,Man City,0,1,2,1,5,1,2,1,H,False,Loss,0,3,-1
2021-12-11,Southampton,Arsenal,0,3,11,6,9,8,0,0,H,False,Loss,0,0,-3
2021-12-11,Leeds,Chelsea,2,3,12,5,15,2,5,0,H,False,Loss,0,5,-1
2021-12-11,Aston Villa,Liverpool,0,1,4,0,6,3,2,0,H,False,Loss,0,2,-1
2021-12-11,Man United,Norwich,1,0,13,5,17,6,1,0,A,False,Win,3,1,1
2021-12-12,West Ham,Burnley,0,0,16,3,11,4,1,0,D,False,Draw,1,1,0
2021-12-12,Newcastle,Leicester,0,4,12,3,16,6,3,0,H,False,Loss,0,3,-4
2021-12-12,Everton,Crystal Palace,1,3,12,6,14,2,2,0,H,False,Loss,0,2,-2
2021-12-14,Aston Villa,Norwich,2,0,17,6,9,10,1,0,A,False,Win,3,1,2
2021-12-14,Leeds,Man City,0,7,6,3,9,2,1,0,H,False,Loss,0,1,-7
2021-12-15,Wolves,Brighton,1,0,8,5,14,4,0,0,A,False,Win,3,0,1
2021-12-15,Southampton,Crystal Palace,2,2,15,4,20,6,4,0,D,False,Draw,1,4,0
2021-12-15,West Ham,Arsenal,0,2,7,1,9,2,0,1,H,False,Loss,0,1,-2
2021-12-16,Everton,Chelsea,1,1,5,3,11,1,3,0,D,False,Draw,1,3,0
2021-12-16,Newcastle,Liverpool,1,3,4,2,4,0,3,0,H,False,Loss,0,3,-2
2021-12-18,Arsenal,Leeds,4,1,21,12,7,4,1,0,A,False,Win,3,1,3
2021-12-19,Man City,Newcastle,4,0,18,7,6,6,2,0,A,False,Win,3,2,4
2021-12-19,Chelsea,Wolves,0,0,8,1,7,9,2,0,D,False,Draw,1,2,0
2021-12-19,Liverpool,Tottenham,2,2,18,6,11,4,4,1,D,False,Draw,1,5,0
2021-12-26,Leicester,Man City,3,6,14,8,9,4,2,0,H,False,Loss,0,2,-3
2021-12-26,Arsenal,Norwich,5,0,16,6,7,5,2,0,A,False,Win,3,2,5
2021-12-26,Crystal Palace,Tottenham,0,3,4,0,10,2,1,1,H,False,Loss,0,2,-3
2021-12-26,Southampton,West Ham,3,2,11,6,9,2,3,0,A,False,Win,3,3,1
2021-12-26,Chelsea,Aston Villa,3,1,10,4,11,5,1,0,A,False,Win,3,1,2
2021-12-26,Brentford,Brighton,0,2,16,6,10,9,3,0,H,False,Loss,0,3,-2
2021-12-27,Man United,Newcastle,1,1,13,4,8,4,3,0,D,False,Draw,1,3,0
2021-12-28,Norwich,Crystal Palace,0,3,12,3,13,8,2,0,H,False,Loss,0,2,-3
2021-12-28,Tottenham,Southampton,1,1,21,11,5,7,2,0,D,False,Draw,1,2,0
2021-12-28,West Ham,Watford,4,1,13,6,12,5,1,0,A,False,Win,3,1,3
2021-12-28,Liverpool,Leicester,0,1,21,4,11,12,1,0,H,False,Loss,0,1,-1
2021-12-29,Brighton,Chelsea,1,1,18,6,7,8,1,0,D,False,Draw,1,1,0
2021-12-29,Man City,Brentford,1,0,12,3,10,5,0,0,A,False,Win,3,0,1
2021-12-30,Burnley,Man United,1,3,10,3,10,5,0,0,H,False,Loss,0,0,-2
2022-01-01,Man City,Arsenal,2,1,15,2,5,5,2,0,A,False,Win,3,2,1
2022-01-01,Tottenham,Watford,1,0,21,9,9,7,1,0,A,False,Win,3,1,1
2022-01-01,West Ham,Crystal Palace,3,2,10,5,16,1,2,0,A,False,Win,3,2,1
2022-01-02,Aston Villa,Brentford,1,2,16,5,11,7,2,0,H,False,Loss,0,2,-1
2022-01-02,Brighton,Everton,3,2,12,5,12,5,1,0,A,False,Win,3,1,1
2022-01-02,Burnley,Leeds,1,3,8,2,7,3,1,0,H,False,Loss,0,1,-2
2022-01-02,Liverpool,Chelsea,2,2,10,6,13,7,2,0,D,False,Draw,1,2,0
2022-01-03,Wolves,Man United,1,0,19,6,8,8,1,0,A,False,Win,3,1,1
2022-01-11,Brentford,Southampton,1,4,5,4,8,2,1,0,H,False,Loss,0,1,-3
2022-01-12,Norwich,West Ham,0,2,7,3,8,2,0,0,H,False,Loss,0,0,-2
2022-01-14,Crystal Palace,Brighton,1,1,3,1,7,0,2,0,D,False,Draw,1,2,0
2022-01-15,Chelsea,Man City,0,1,4,1,6,1,2,0,H,False,Loss,0,2,-1
2022-01-15,Watford,Newcastle,1,1,18,5,13,6,2,0,D,False,Draw,1,2,0
2022-01-15,Everton,Norwich,1,2,12,5,14,8,1,0,H,False,Loss,0,1,-1
2022-01-15,Southampton,Wolves,1,3,13,10,14,10,3,0,H,False,Loss,0,3,-2
2022-01-15,Man United,Aston Villa,2,2,13,6,13,6,2,0,D,False,Draw,1,2,0
2022-01-16,Brentford,Liverpool,0,3,6,1,6,0,1,0,H,False,Loss,0,1,-3
2022-01-16,Leeds,West Ham,3,2,18,5,9,3,2,0,A,False,Win,3,2,1
2022-01-18,Chelsea,Brighton,1,1,15,3,5,7,2,0,D,False,Draw,1,2,0
2022-01-19,Tottenham,Leicester,3,2,27,10,12,8,2,0,A,False,Win,3,2,1
2022-01-19,Man United,Brentford,3,1,13,5,9,9,0,0,A,False,Win,3,0,2
2022-01-21,Norwich,Watford,3,0,7,2,11,1,1,0,A,False,Win,3,1,3
2022-01-22,Aston Villa,Everton,1,0,8,3,16,2,3,0,A,False,Win,3,3,1
2022-01-22,Wolves,Brentford,2,1,7,2,7,3,3,0,A,False,Win,3,3,1
2022-01-22,Newcastle,Leeds,1,0,15,3,9,7,2,0,A,False,Win,3,2,1
2022-01-22,West Ham,Man United,0,1,6,1,8,3,1,0,H,False,Loss,0,1,-1
2022-01-22,Man City,Southampton,1,1,20,5,5,11,0,0,D,False,Draw,1,0,0
2022-01-23,Burnley,Arsenal,0,0,10,1,13,4,2,0,D,False,Draw,1,2,0
2022-01-23,Liverpool,Crystal Palace,3,1,15,7,10,5,1,0,A,False,Win,3,1,2
2022-01-23,Brighton,Leicester,1,1,14,5,8,5,1,0,D,False,Draw,1,1,0
2022-01-23,Tottenham,Chelsea,0,2,6,3,14,3,1,0,H,False,Loss,0,1,-2
2022-02-05,Watford,Burnley,0,0,11,5,9,7,2,0,D,False,Draw,1,2,0
2022-02-08,Everton,Newcastle,1,3,11,3,13,2,3,0,H,False,Loss,0,3,-2
2022-02-08,Watford,West Ham,0,1,6,1,6,6,0,0,H,False,Loss,0,0,-1
2022-02-08,Man United,Burnley,1,1,22,5,10,10,1,0,D,False,Draw,1,1,0
2022-02-09,Brentford,Man City,0,2,6,2,13,3,0,0,H,False,Loss,0,0,-2
2022-02-09,Crystal Palace,Norwich,1,1,13,5,15,6,2,0,D,False,Draw,1,2,0
2022-02-09,Southampton,Tottenham,3,2,23,10,13,8,3,0,A,False,Win,3,3,1
2022-02-09,Leeds,Aston Villa,3,3,16,8,9,11,3,0,D,False,Draw,1,3,0
2022-02-10,Leicester,Liverpool,0,2,5,1,7,6,0,0,H,False,Loss,0,0,-2
2022-02-10,Arsenal,Wolves,1,0,12,2,13,4,3,1,A,False,Win,3,4,1
2022-02-12,Southampton,Man United,1,1,13,4,13,4,0,0,D,False,Draw,1,0,0
2022-02-12,Crystal Palace,Brentford,0,0,6,3,10,9,0,0,D,False,Draw,1,0,0
2022-02-12,Leeds,Everton,0,3,7,0,9,3,1,0,H,False,Loss,0,1,-3
2022-02-12,Brighton,Watford,2,0,11,6,9,5,2,0,A,False,Win,3,2,2
2022-02-12,Man City,Norwich,4,0,22,9,8,12,2,0,A,False,Win,3,2,4
2022-02-13,Liverpool,Burnley,1,0,12,4,6,8,1,0,A,False,Win,3,1,1
2022-02-13,Aston Villa,Newcastle,0,1,11,1,15,6,4,0,H,False,Loss,0,4,-1
2022-02-13,Wolves,Tottenham,2,0,11,7,13,3,1,0,A,False,Win,3,1,2
2022-02-13,West Ham,Leicester,2,2,8,3,9,4,2,0,D,False,Draw,1,2,0
2022-02-15,Brighton,Man United,0,2,10,3,10,2,1,1,H,False,Loss,0,2,-2
2022-02-19,Newcastle,West Ham,1,1,14,3,7,7,3,0,D,False,Draw,1,3,0
2022-02-19,Brentford,Arsenal,1,2,6,2,5,0,1,0,H,False,Loss,0,1,-1
2022-02-19,Watford,Aston Villa,1,0,8,4,7,5,2,0,A,False,Win,3,2,1
2022-02-19,Burnley,Brighton,3,0,10,4,12,4,4,0,A,False,Win,3,4,3
2022-02-19,Chelsea,Crystal Palace,1,0,9,3,20,4,3,0,A,False,Win,3,3,1
2022-02-19,Norwich,Liverpool,1,3,6,1,8,4,1,0,H,False,Loss,0,1,-2
2022-02-19,Everton,Southampton,0,2,9,0,9,4,2,0,H,False,Loss,0,2,-2
2022-02-19,Tottenham,Man City,3,2,6,5,7,0,3,0,A,False,Win,3,3,1
2022-02-20,Man United,Leeds,4,2,15,9,19,3,3,0,A,False,Win,3,3,2
2022-02-20,Leicester,Wolves,1,2,17,7,9,10,4,0,H,False,Loss,0,4,-1
2022-02-23,Tottenham,Burnley,0,1,12,2,8,7,0,0,H,False,Loss,0,0,-1
2022-02-23,Crystal Palace,Watford,4,1,7,5,9,4,1,0,A,False,Win,3,1,3
2022-02-23,Leeds,Liverpool,0,6,3,2,11,0,3,0,H,False,Loss,0,3,-6
2022-02-24,Wolves,Arsenal,1,2,6,2,9,4,1,0,H,False,Loss,0,1,-1
2022-02-25,Norwich,Southampton,0,2,8,1,9,6,2,0,H,False,Loss,0,2,-2
2022-02-26,Tottenham,Leeds,4,0,15,11,11,6,2,0,A,False,Win,3,2,4
2022-02-26,Newcastle,Brentford,2,0,26,11,7,6,1,0,A,False,Win,3,1,2
2022-02-26,Burnley,Crystal Palace,1,1,5,1,17,4,2,0,D,False,Draw,1,2,0
2022-02-26,Watford,Man United,0,0,10,2,7,3,0,0,D,False,Draw,1,0,0
2022-02-26,Aston Villa,Brighton,2,0,9,4,11,2,5,0,A,False,Win,3,5,2
2022-02-26,Man City,Everton,1,0,13,8,14,4,2,0,A,False,Win,3,2,1
2022-02-27,Wolves,West Ham,0,1,14,1,2,5,0,0,H,False,Loss,0,0,-1
2022-03-01,Leicester,Burnley,2,0,22,6,13,8,1,0,A,False,Win,3,1,2
2022-03-05,Leeds,Leicester,0,1,19,4,12,10,2,0,H,False,Loss,0,2,-1
2022-03-05,Southampton,Aston Villa,0,4,11,1,8,7,1,0,H,False,Loss,0,1,-4
2022-03-05,Chelsea,Burnley,4,0,11,5,7,2,0,0,A,False,Win,3,0,4
2022-03-05,Brighton,Newcastle,1,2,15,4,10,7,1,0,H,False,Loss,0,1,-1
2022-03-05,Brentford,Norwich,3,1,10,6,18,5,5,0,A,False,Win,3,5,2
2022-03-05,Crystal Palace,Wolves,2,0,12,8,8,7,3,0,A,False,Win,3,3,2
2022-03-05,West Ham,Liverpool,0,1,13,5,7,6,1,0,H,False,Loss,0,1,-1
2022-03-06,Arsenal,Watford,3,2,16,4,11,5,2,0,A,False,Win,3,2,1
2022-03-06,Man United,Man City,1,4,5,2,14,3,1,0,H,False,Loss,0,1,-3
2022-03-07,Everton,Tottenham,0,5,6,0,10,2,0,0,H,False,Loss,0,0,-5
2022-03-10,Chelsea,Norwich,3,1,15,7,15,8,2,0,A,False,Win,3,2,2
2022-03-10,Newcastle,Southampton,2,1,8,4,7,5,1,0,A,False,Win,3,1,1
2022-03-10,Watford,Wolves,0,4,9,0,10,2,2,0,H,False,Loss,0,2,-4
2022-03-10,Aston Villa,Leeds,3,0,15,9,11,5,3,0,A,False,Win,3,3,3
2022-03-12,Liverpool,Brighton,2,0,18,9,15,6,1,0,A,False,Win,3,1,2
2022-03-12,Burnley,Brentford,0,2,7,1,10,9,1,1,H,False,Loss,0,2,-2
2022-03-12,Tottenham,Man United,2,3,10,3,7,5,1,0,H,False,Loss,0,1,-1
2022-03-13,Newcastle,Chelsea,0,1,7,2,16,2,3,0,H,False,Loss,0,3,-1
2022-03-13,Wolves,Everton,1,0,14,3,11,2,1,0,A,False,Win,3,1,1
2022-03-13,Norwich,Leeds,1,2,12,4,8,2,1,0,H,False,Loss,0,1,-1
2022-03-13,Watford,Southampton,2,1,9,5,12,3,2,0,A,False,Win,3,2,1
2022-03-13,Aston Villa,West Ham,1,2,13,7,3,7,0,0,H,False,Loss,0,0,-1
2022-03-13,Leicester,Arsenal,0,2,6,3,10,6,3,0,H,False,Loss,0,3,-2
2022-03-14,Man City,Crystal Palace,0,0,18,4,11,6,1,0,D,False,Draw,1,1,0
2022-03-16,Tottenham,Brighton,2,0,17,7,9,3,2,0,A,False,Win,3,2,2
2022-03-16,Liverpool,Arsenal,2,0,9,3,9,6,1,0,A,False,Win,3,1,2
2022-03-17,Newcastle,Everton,0,1,17,6,11,7,1,0,H,False,Loss,0,1,-1
2022-03-18,Leeds,Wolves,3,2,15,6,14,5,4,0,A,False,Win,3,4,1
2022-03-19,Arsenal,Aston Villa,1,0,10,3,14,5,3,0,A,False,Win,3,3,1
2022-03-20,Brentford,Leicester,1,2,15,6,10,5,2,0,H,False,Loss,0,2,-1
2022-03-20,West Ham,Tottenham,1,3,6,1,7,3,1,0,H,False,Loss,0,1,-2
2022-04-02,Watford,Liverpool,0,2,5,2,8,3,1,0,H,False,Loss,0,1,-2
2022-04-02,Norwich,Brighton,0,0,6,0,11,2,1,0,D,False,Draw,1,1,0
2022-04-02,Man City,Burnley,2,0,18,6,6,8,0,0,A,False,Win,3,0,2
2022-04-02,Brentford,Chelsea,4,1,17,6,7,7,0,0,A,False,Win,3,0,3
2022-04-02,Southampton,Leeds,1,1,14,6,7,7,1,0,D,False,Draw,1,1,0
2022-04-02,Aston Villa,Wolves,1,2,15,5,8,9,3,0,H,False,Loss,0,3,-1
2022-04-02,Leicester,Man United,1,1,11,3,6,5,2,0,D,False,Draw,1,2,0
2022-04-03,Everton,West Ham,1,2,13,2,12,4,1,1,H,False,Loss,0,2,-1
2022-04-03,Newcastle,Tottenham,1,5,8,1,7,3,3,0,H,False,Loss,0,3,-4
2022-04-04,Arsenal,Crystal Palace,0,3,12,3,15,2,2,0,H,False,Loss,0,2,-3
2022-04-06,Everton,Burnley,2,3,16,4,16,6,2,0,H,False,Loss,0,2,-1
2022-04-08,Wolves,Newcastle,0,1,5,2,13,2,1,0,H,False,Loss,0,1,-1
2022-04-09,Man United,Everton,0,1,12,4,10,7,2,0,H,False,Loss,0,2,-1
2022-04-09,Brighton,Arsenal,2,1,8,3,19,2,4,0,A,False,Win,3,4,1
2022-04-09,Chelsea,Southampton,6,0,24,14,10,3,0,0,A,False,Win,3,0,6
2022-04-09,Leeds,Watford,3,0,10,5,12,8,0,0,A,False,Win,3,0,3
2022-04-09,Tottenham,Aston Villa,4,0,11,5,14,3,3,0,A,False,Win,3,3,4
2022-04-10,West Ham,Brentford,0,2,5,1,6,6,1,0,H,False,Loss,0,1,-2
2022-04-10,Crystal Palace,Leicester,1,2,11,3,12,4,1,0,H,False,Loss,0,1,-1
2022-04-10,Burnley,Norwich,0,2,18,4,10,7,1,0,H,False,Loss,0,1,-2
2022-04-10,Liverpool,Man City,2,2,6,4,11,1,4,0,D,False,Draw,1,4,0
2022-04-16,Brighton,Tottenham,1,0,12,5,10,4,3,0,A,False,Win,3,3,1
2022-04-16,Norwich,Man United,2,3,15,4,6,7,0,0,H,False,Loss,0,0,-1
2022-04-16,Arsenal,Southampton,0,1,23,6,6,8,1,0,H,False,Loss,0,1,-1
2022-04-16,Brentford,Watford,2,1,16,5,9,5,1,0,A,False,Win,3,1,1
2022-04-17,Leicester,Newcastle,1,2,8,2,10,5,2,0,H,False,Loss,0,2,-1
2022-04-17,Burnley,West Ham,1,1,9,1,10,4,2,0,D,False,Draw,1,2,0
2022-04-19,Man United,Liverpool,0,4,2,1,6,2,2,0,H,False,Loss,0,2,-4
2022-04-20,Arsenal,Chelsea,4,2,14,4,6,1,1,0,A,False,Win,3,1,2
2022-04-20,Leicester,Everton,1,1,11,3,17,4,1,0,D,False,Draw,1,1,0
2022-04-20,Crystal Palace,Newcastle,0,1,10,2,12,5,1,0,H,False,Loss,0,1,-1
2022-04-20,Brighton,Man City,0,3,2,1,7,4,3,0,H,False,Loss,0,3,-3
2022-04-21,Southampton,Burnley,0,2,11,3,7,10,2,0,H,False,Loss,0,2,-2
2022-04-23,Man United,Arsenal,1,3,14,5,12,7,4,0,H,False,Loss,0,4,-2
2022-04-23,Aston Villa,Leicester,0,0,11,3,16,6,2,0,D,False,Draw,1,2,0
2022-04-23,Watford,Man City,1,5,5,2,7,4,0,0,H,False,Loss,0,0,-4
2022-04-23,Newcastle,Norwich,3,0,13,7,10,3,2,0,A,False,Win,3,2,3
2022-04-23,Tottenham,Brentford,0,0,9,0,7,8,1,0,D,False,Draw,1,1,0
2022-04-24,Southampton,Brighton,2,2,18,5,7,6,0,0,D,False,Draw,1,0,0
2022-04-24,Wolves,Burnley,0,1,10,4,7,6,1,0,H,False,Loss,0,1,-1
2022-04-24,West Ham,Chelsea,0,1,6,2,9,1,0,1,H,False,Loss,0,1,-1
2022-04-24,Everton,Liverpool,0,2,9,1,8,1,5,0,H,False,Loss,0,5,-2
2022-04-25,Leeds,Crystal Palace,0,0,9,2,13,3,2,0,D,False,Draw,1,2,0
2022-04-28,Chelsea,Man United,1,1,21,6,12,9,1,0,D,False,Draw,1,1,0
2022-04-30,Liverpool,Newcastle,1,0,24,10,11,6,3,0,A,False,Win,3,3,1
2022-04-30,Norwich,Aston Villa,0,2,9,3,8,3,1,0,H,False,Loss,0,1,-2
2022-04-30,Crystal Palace,Southampton,2,1,14,5,11,7,3,0,A,False,Win,3,3,1
2022-04-30,Burnley,Watford,2,1,17,6,9,6,2,0,A,False,Win,3,2,1
2022-04-30,Brighton,Wolves,3,0,17,9,4,3,1,0,A,False,Win,3,1,3
2022-04-30,Man City,Leeds,4,0,19,6,3,6,2,0,A,False,Win,3,2,4
2022-05-01,Chelsea,Everton,0,1,17,5,12,8,5,0,H,False,Loss,0,5,-1
2022-05-01,Leicester,Tottenham,1,3,6,2,8,3,3,0,H,False,Loss,0,3,-2
2022-05-01,Arsenal,West Ham,2,1,13,7,9,7,2,0,A,False,Win,3,2,1
2022-05-02,Brentford,Man United,0,3,12,4,6,8,0,0,H,False,Loss,0,0,-3
2022-05-07,Southampton,Brentford,0,3,19,4,9,7,1,0,H,False,Loss,0,1,-3
2022-05-07,Aston Villa,Burnley,3,1,12,7,11,5,2,0,A,False,Win,3,2,2
2022-05-07,Wolves,Chelsea,2,2,14,4,11,3,3,0,D,False,Draw,1,3,0
2022-05-07,Watford,Crystal Palace,0,1,6,1,18,5,1,1,H,False,Loss,0,2,-1
2022-05-07,Man United,Brighton,0,4,15,5,9,6,2,0,H,False,Loss,0,2,-4
2022-05-07,Tottenham,Liverpool,1,1,8,3,8,5,2,0,D,False,Draw,1,2,0
2022-05-08,Leeds,Arsenal,1,2,3,2,15,2,2,1,H,False,Loss,0,3,-1
2022-05-08,Everton,Leicester,2,1,10,4,6,1,0,0,A,False,Win,3,0,1
2022-05-08,West Ham,Norwich,4,0,13,5,7,5,1,0,A,False,Win,3,1,4
2022-05-08,Newcastle,Man City,0,5,7,3,11,2,3,0,H,False,Loss,0,3,-5
2022-05-10,Liverpool,Aston Villa,2,1,17,6,12,3,0,0,A,False,Win,3,0,1
2022-05-11,Chelsea,Leeds,3,0,17,4,14,5,0,0,A,False,Win,3,0,3
2022-05-11,Norwich,Leicester,0,3,9,5,5,2,0,0,H,False,Loss,0,0,-3
2022-05-11,Everton,Watford,0,0,16,5,12,13,2,0,D,False,Draw,1,2,0
2022-05-11,Man City,Wolves,5,1,16,5,10,2,1,0,A,False,Win,3,1,4
2022-05-12,Arsenal,Tottenham,0,3,8,4,15,2,3,1,H,False,Loss,0,4,-3
2022-05-15,Burnley,Tottenham,0,1,8,1,8,2,2,0,H,False,Loss,0,2,-1
2022-05-15,Crystal Palace,Aston Villa,1,1,16,4,15,5,3,0,D,False,Draw,1,3,0
2022-05-15,Brighton,Leeds,1,1,16,6,8,1,2,0,D,False,Draw,1,2,0
2022-05-15,Leicester,Watford,5,1,13,7,6,3,1,0,A,False,Win,3,1,4
2022-05-15,Man City,West Ham,2,2,31,8,5,9,1,0,D,False,Draw,1,1,0
2022-05-15,Norwich,Wolves,1,1,11,2,10,3,3,0,D,False,Draw,1,3,0
2022-05-15,Brentford,Everton,3,2,18,7,8,2,3,0,A,False,Win,3,3,1
2022-05-16,Arsenal,Newcastle,0,2,11,2,8,8,3,0,H,False,Loss,0,3,-2
2022-05-17,Liverpool,Southampton,2,1,24,5,6,9,0,0,A,False,Win,3,0,1
2022-05-19,Crystal Palace,Everton,2,3,7,5,13,5,3,0,H,False,Loss,0,3,-1
2022-05-19,Burnley,Aston Villa,1,1,10,5,20,6,1,1,D,False,Draw,1,2,0
2022-05-19,Leicester,Chelsea,1,1,2,1,7,0,1,0,D,False,Draw,1,1,0
2022-05-22,Everton,Arsenal,1,5,6,2,9,2,1,0,H,False,Loss,0,1,-4
2022-05-22,Leeds,Brentford,2,1,14,6,13,2,1,0,A,False,Win,3,1,1
2022-05-22,West Ham,Brighton,1,3,7,2,9,6,1,0,H,False,Loss,0,1,-2
2022-05-22,Newcastle,Burnley,2,1,8,6,9,2,0,0,A,False,Win,3,0,1
2022-05-22,Watford,Chelsea,1,2,8,3,9,3,0,0,H,False,Loss,0,0,-1
2022-05-22,Man United,Crystal Palace,0,1,10,4,22,6,4,0,H,False,Loss,0,4,-1
2022-05-22,Southampton,Leicester,1,4,7,2,5,3,1,0,H,False,Loss,0,1,-3
2022-05-22,Wolves,Liverpool,1,3,7,5,3,3,0,0,H,False,Loss,0,0,-2
2022-05-22,Aston Villa,Man City,2,3,4,2,11,1,1,0,H,False,Loss,0,1,-1
2022-05-22,Tottenham,Norwich,5,0,19,13,7,2,1,0,A,False,Win,3,1,5
